item_id,isi_input_model,sampiran_generated,semantic_bridge_score_human_1_5,catatan_penilai,semantic_bridge_score_human_2_5,catatan_penilai,semantic_bridge_score_llm_1_5
HB-001,"Jika ingin hidup penuh budi
Hormati sesama tanpa membalas","Sawah luas di ladang terlihat subur
Membawa harum dalam diri",2,rima salah,,,2
HB-002,"jika nanti kita berpisah
jangan pernah lupakan aku","Memetik buah di balik celah
Burung kutilang terbang ke batu",4,,,,3
HB-003,"jika kamu menaruh kasih
langsung kita ke pelaminan","Anak dara menjunjung kasih
Jangan lupa membawa impian",1,bocor,,,1
HB-004,"Jika hidup terasa panjang
Gunakan waktu untuk berkarya","Burung layang-layang terbang melayang
Singgah sejenak mencari kata",4,,,,2
HB-005,"Jika hati bersih nurani
Hidup indah penuh rasa","Hati yang suci dan bersih nian
Mencerminkan kebijaksanaan tinggi",1,,,,1
HB-006,"Ilmu tanpa akhlak percuma
Bagaikan raga tanpa rohani","Ilmu tanpa akhlak percuma
Bagaikan raga, tanpa rohani, hidup hampa",1,,,,1
HB-007,"Hidup rukun penuh bahagia
Jika sabar di dalam hati","Bunga melati wangi di pagi hari,
Tumbuh subur dalam kesabaran hati.",1,,,,1
HB-008,"hidup mati untuk negara
ikhlas hati kalau mati","Ikhlaskan segala bentuk penderitaan
Untuk negara tanah tumpah darahmu",2,,,,1
HB-009,"tunduk patuh pada tuhan
hati teduh jiwa pun tenang","Burung camar terbang ke lautan
Anak-anak bermain riang",5,,,,3
HB-010,"setelah bermain bersihkan kamar
jangan sampai berantakan","setelah bermain bersihkan kamar
jangan sampai berantakan",1,,,,1
HB-011,"Jika ingin hidup berarti
Bersikap jujur dan lapang","Rintik hujan di pagi buta
Langit kecil awan yang merang",2,,,,2
HB-012,"Orang sabar dalam diam
Menunggu waktu kemenangan","Bunga mawar disiram-siram,
Memetik buah di dalam ruangan.",5,,,,2
HB-013,"rindu ini tak pernah usai
seperti laut mencinta Samudra","Rindu ini, tak pernah usai
Seperti laut, mencinta Samudra, cinta abadi",1,,,,1
HB-014,"Jika hidup ingin bermutu
Jujur dan amanah harus dipagar","Beli kain bertenun satu
Bunga mawar harum memekar",5,,,,4
HB-015,"kepada ayah mesti hormat
kepada ibu harus berbakti","Bakti kepada orang tua
Jika ingin kehidupan berkah",2,,,,1
HB-016,"Jika hidup ingin berisi budi
Hormati janji dan ucapan","Bunga kenanga harum mewangi
Angin sepoi bertiup di taman",5,,,,4
HB-017,"sabar sayang abang kan pulang
ada jodoh tidak akan ke mana","Tunggalkan sabar, suami akan kembali
Jangan khawatir tentang hal-hal yang tidak pasti atau terjadi di masa depan",2,,,,1
HB-018,"lebar kepala dari badan
apakah itu coba kau terka","Lebar kepala dari badannya,
Itu kepala, mudahnya terka.",1,,,,1
HB-019,"kalau hidup hendak selamat
ayah dan bunda kita muliakan","Ayah bunda yang selalu sayang
Kita hormati dengan sepenuh jiwa",1,,,,1
HB-020,"tak kenal maka tak sayang
marilah kita berkenalan","Terbang melayang burung elang
Hinggap di dahan pohon rambutan",5,,,,3
HB-021,"peran ibu bapak dalam dunia
bagaikan bulan dan matahari","Bunga melati indah di dunia
Mekar segar sepanjang hari",1,,,,1
HB-022,"Tutur santun wajah yang manis
Menenangkan hati mengikat kawan","Teman tersayang yang manis
Terus menghibur dan melayani",1,,,,1
HB-023,"jika nanti kita berpisah
jangan pernah lupakan aku","Detik berpisah janganlah lupa,
Ingatan teman selalu di jiwa.",1,,,,1
HB-024,"Hidup di dunia buatlah bakti
Kepada ibu dan juga bapa","Pergi berlayar mencari sakti
Ke ladang pagi memetik kelapa",5,,,,5
HB-025,"kakiku empat tak punya badan
coba tebak siapakah aku","Coba tebak siapakah aku
Dengan keempat kakiku yang tanpa badan",1,,,,1
HB-026,"Jika ingin hidup dikenang
Budi baik jadi pusaka","Budi baik jadi pusaka
Agar hidup selalu dikenang",1,,,,1
HB-027,"baru seminggu kita berpisah
rindu di hati telah membara","Baru seminggu kita berpisah,
Rindu di hati tak terbendung lagi.",1,,,,1
HB-028,"Jika rindu datang bertalu
Mengapa engkau tak beri jawaban","Jika rindu datang bertalu
Mengapa engkau tak beri jawaban",1,,,,1
HB-029,"Hidup di dunia buatlah bakti
Kepada ibu dan juga bapa","Burung pipit terbang tinggi
Pohon kelapa tumbuh merata",4,,,,3
HB-030,"bermain kejarkejaran
badan sehat hati pun senang","Bermain petak umpet di halaman
Tubuh segar hati pun senang",1,,,,1
HB-031,"setelah bermain bersihkan kamar
jangan sampai berantakan","Selesai belajar rapikan kamar
Supaya rumah tidak berantakan",1,,,,1
HB-032,"semakin jauh ke rantau orang
hanya keluarga yang aku rindukan","Terbang tinggi si burung elang
Pagi hari pergi ke pekan",5,,,,3
HB-033,"kepada ayah mesti hormat
kepada ibu harus berbakti","Kepada ayah mesti hormat
Kepada ibu harus berbakti",1,,,,1
HB-034,"terbahakbahak itik tertawa
melihat monyet memakai sarung","Hujan yang turun lebat
Melihat monyet memakai sarung",1,,,,1
HB-035,"di tanah lapang kami bermain
bermain gundu juga layangan","di tanah lapang kami bermain
bermain gundu juga layangan",1,,,,1
HB-036,"sejak kecil kita diasuh
jasa ibu bapak sangatlah besar","Tumbuh rebuh di tepi dusun
Buah delima ranum segar",5,,,,4
HB-037,"Jika hidup ingin berkah
Rajin ibadah setiap hari","Pohon zaitun menghasilkan buah berlimpah,
Kebajikan terus, keberkahan melimpah.",2,,,,1
HB-038,"ilmu sejati lahir dari hening
dan hati yang tulus berniat","Ilmu sejati lahir dari hening
Hati tulus berniat, ilmu mengalir tenang",1,,,,1
HB-039,"ilmu sejati lahir dari hening
dan hati yang tulus berniat","Ilmu yang benar berasal dari hati
Hati yang jujur menuntun kebijadian",1,,,,1
HB-040,"Ilmu tanpa akhlak percuma
Bagaikan raga tanpa rohani","Beli beras di pasar utama
Bawa pulang ke rumah petani",5,,,,4
HB-041,"kepada ayah mesti hormat
kepada ibu harus berbakti","Kepada adat mesti hormat
Kepada guru tekun berbakti",1,,,,1
HB-042,"adat dijaga pusaka dijunjung
baru terpelihara adat pesaka","Pohon tanjung tumbuh menjunjung
Layar terkembang menuju pesaka",1,,,,1
HB-043,"Jika budi elok lakunya
Semua orang senang hati","Harum baunya bunga cempaka
Pohon tumbuh di tepi kali",5,,,,4
HB-044,"Jika hati selalu ramah
Banyak sahabat datang menyapa","Tersenyum ramah di awal
Bersahabat kau akan langgeng",1,,,,1
HB-045,"Ilmu tanpa akhlak percuma
Bagaikan raga tanpa rohani","Ke pasar membeli minyak kelapa
Burung camar terbang tinggi",4,,,,3
HB-046,"Jika ingin hidup gemilang
Jangan lupa restu orang tua","Terbang sepasang burung elang
Minggir sebentar di atas jua",5,,,,2
HB-047,"Jika ingin dihormati teman
Bersikap rendah hati sentiasa","Jika melintas di depan taman
Tersenyumlah kepada semua sentiasa",1,,,,1
HB-048,"Jika hidup mahu bersatu
Jaga rukun sesama bangsa","Pergi ke sawah membawa batu,
Singgah sejenak di rumah tua",5,,,,2
HB-049,"Budi bahasa jadi pegangan
Agar hidup sentiasa wajar","Burung tekukur mencari makan
Air mengalir jernih dan segar",5,,,,4
HB-050,"Ilmu dicari dengan sabar
Supaya hidup penuh harapan","Gunung tinggi di pagi yang tenang,
Kesabaran memetik buah ilmu nan cerah.",2,,,,1
